1,John Doe,john.doe@example.com,Software Engineer,75000
2,Jane Smith,jane.smith@example.com,Project Manager,90000
3,Bob Johnson,bob.johnson@example.com,QA Tester,60000
4,Emily Davis,emily.davis@example.com,UX Designer,80000
5,Michael Brown,michael.brown@example.com,DevOps Engineer,85000
6,Linda Williams,linda.williams@example.com,System Administrator,78000
7,David Wilson,david.wilson@example.com,Product Manager,95000
8,Sarah Martinez,sarah.martinez@example.com,Data Analyst,72000
9,James Garcia,james.garcia@example.com,Software Architect,120000
10,Mary Clark,mary.clark@example.com,Content Strategist,70000
11,William Lewis,william.lewis@example.com,Backend Developer,83000
12,Patricia Walker,patricia.walker@example.com,Marketing Manager,88000
13,Joseph Hall,joseph.hall@example.com,Network Engineer,77000
14,Jennifer Allen,jennifer.allen@example.com,Technical Writer,65000
15,Daniel Young,daniel.young@example.com,Full Stack Developer,94000
16,Alice King,alice.king@example.com,Data Scientist,95000
17,Charlie Green,charlie.green@example.com,Web Developer,72000
18,Olivia Scott,olivia.scott@example.com,Product Designer,88000
19,Ethan Turner,ethan.turner@example.com,System Analyst,80000
20,Sophia Perez,sophia.perez@example.com,Technical Support,55000
21,Lucas Edwards,lucas.edwards@example.com,Database Administrator,87000
22,Mia Roberts,mia.roberts@example.com,Sales Engineer,90000
23,Henry Carter,henry.carter@example.com,IT Consultant,99000
24,Isabella Cooper,isabella.cooper@example.com,Mobile Developer,85000
25,Logan Wright,logan.wright@example.com,Security Analyst,78000
26,Amelia Adams,amelia.adams,Cloud Engineer,93000
27,James Johnson,james.johnson@example.com,Machine Learning Engineer,110000
28,Harper Davis,harper.davis@example.com,SEO Specialist,64000
29,Aiden Moore,aiden.moore@example.com,Network Administrator,76000
30,Scarlett Taylor,scarlett.taylor@example.com,UX Researcher,69000
31,Liam King,liam.king@example.com,Technical Lead,-43
32,Emma Wright,emma.wright@example.com,Front-End Developer,78000
33,Noah Martinez,noah.martinez@example.com,Cloud Solutions Architect,115000
34,Ava Harris,ava.harris@example.com,Graphic Designer,65000
35,Oliver Nelson,oliver.nelson@example.com,Data Engineer,92000
36,Sofia Carter,sofia.carter@example.com,Full Stack Engineer,102000
37,Jacob Thompson,jacob.thompson@example.com,Quality Assurance Lead,82000
38,Mason Robinson,mason.robinson@example.com,IT Project Manager,91000
39,Grace Lewis,grace.lewis@example.com,Content Manager,70000
40,Chloe Young,chloe.young@example.com,Marketing Specialist,66000
41,Jackson Wright,jackson.wright@example.com,DevOps Specialist,85000
42,Lily Baker,lily.baker@example.com,Web Designer,75000
43,Evelyn Gonzalez,evelyn.gonzalez@example.com,Mobile App Developer,93000
44,Michael Davis,michael.davis@example.com,Blockchain Developer,120000
45,Abigail Martinez,abigail.martinez@example.com,Technical Account Manager,97000
46,James Wilson,james.wilson@example.com,IT Security Consultant,100000
47,Avery Johnson,avery.johnson@example.com,Help Desk Technician,60000
48,Jack Taylor,jack.taylor@example.com,System Architect,115000
49,Harper Moore,harper.moore@example.com,Digital Marketing Manager,86000
50,Lucas Lee,lucas.lee@example.com,AI Research Scientist,115000
51,Aria Thomas,aria.thomas@example.com,Project Coordinator,70000
52,Eli Martinez,eli.martinez@example.com,Cloud Engineer,96000
53,Ellie Anderson,ellie.anderson@example.com,Software Tester,64000
54,Daniel Roberts,daniel.roberts@example.com,Web Application Developer,88000
55,Savannah Walker,savannah.walker@example.com,Game Developer,95000
56,Isaac Young,isaac.young@example.com,Data Visualization Specialist,78000
57,Leah Hill,leah.hill@example.com,Infrastructure Engineer,97000
58,Mila Scott,mila.scott@example.com,Content Strategist,73000
59,Wyatt King,wyatt.king@example.com,Social Media Manager,67000
60,Charlotte Martinez,charlotte.martinez@example.com,User Experience Designer,84000